RK,NAME,TEAM,SALARY,PLAYER,SALARY_NUM
1,"Stephen Curry, G",Golden State Warriors,"$59,606,817",Stephen Curry,59606817
2,"Joel Embiid, C",Philadelphia 76ers,"$55,224,526",Joel Embiid,55224526
3,"Nikola Jokic, C",Denver Nuggets,"$55,224,526",Nikola Jokic,55224526
4,"Kevin Durant, F",Houston Rockets,"$54,708,609",Kevin Durant,54708609
5,"Anthony Davis, F",Dallas Mavericks,"$54,126,450",Anthony Davis,54126450
6,"Karl-Anthony Towns, C",New York Knicks,"$54,126,450",Karl-Anthony Towns,54126450
7,"Giannis Antetokounmpo, F",Milwaukee Bucks,"$54,126,450",Giannis Antetokounmpo,54126450
8,"Luka Doncic, G",Los Angeles Lakers,"$54,126,450",Luka Doncic,54126450
9,"Jimmy Butler III, F",Golden State Warriors,"$54,126,450",Jimmy Butler III,54126450
10,"Jayson Tatum, F",Boston Celtics,"$54,126,450",Jayson Tatum,54126450
11,"Devin Booker, G",Phoenix Suns,"$53,142,264",Devin Booker,53142264
12,"Jaylen Brown, G",Boston Celtics,"$53,142,264",Jaylen Brown,53142264
13,"LeBron James, F",Los Angeles Lakers,"$52,627,153",LeBron James,52627153
14,"Paul George, F",Philadelphia 76ers,"$51,666,090",Paul George,51666090
15,"Kawhi Leonard, F",LA Clippers,"$50,000,000",Kawhi Leonard,50000000
16,"Zach LaVine, G",Sacramento Kings,"$47,499,660",Zach LaVine,47499660
17,"Trae Young, G",Washington Wizards,"$46,394,100",Trae Young,46394100
18,"Lauri Markkanen, F",Utah Jazz,"$46,394,100",Lauri Markkanen,46394100
19,"Cade Cunningham, G",Detroit Pistons,"$46,394,100",Cade Cunningham,46394100
20,"Jamal Murray, G",Denver Nuggets,"$46,394,100",Jamal Murray,46394100
21,"Evan Mobley, C",Cleveland Cavaliers,"$46,394,100",Evan Mobley,46394100
22,"Donovan Mitchell, G",Cleveland Cavaliers,"$46,394,100",Donovan Mitchell,46394100
23,"Anthony Edwards, G",Minnesota Timberwolves,"$45,550,512",Anthony Edwards,45550512
24,"Tyrese Haliburton, G",Indiana Pacers,"$45,550,512",Tyrese Haliburton,45550512
25,"Pascal Siakam, F",Indiana Pacers,"$45,550,512",Pascal Siakam,45550512
26,"Domantas Sabonis, F",Sacramento Kings,"$43,636,000",Domantas Sabonis,43636000
27,"OG Anunoby, F",New York Knicks,"$39,568,966",OG Anunoby,39568966
28,"Ja Morant, G",Memphis Grizzlies,"$39,446,090",Ja Morant,39446090
29,"Darius Garland, G",LA Clippers,"$39,446,090",Darius Garland,39446090
30,"James Harden, G",Cleveland Cavaliers,"$39,446,090",James Harden,39446090
31,"Zion Williamson, F",New Orleans Pelicans,"$39,446,090",Zion Williamson,39446090
32,"Scottie Barnes, F",Toronto Raptors,"$38,661,750",Scottie Barnes,38661750
33,"Franz Wagner, F",Orlando Magic,"$38,661,750",Franz Wagner,38661750
34,"Shai Gilgeous-Alexander, G",Oklahoma City Thunder,"$38,333,050",Shai Gilgeous-Alexander,38333050
35,"Michael Porter Jr., F",Brooklyn Nets,"$38,333,050",Michael Porter Jr.,38333050
36,"Brandon Ingram, F",Toronto Raptors,"$38,095,238",Brandon Ingram,38095238
37,"Tyrese Maxey, G",Philadelphia 76ers,"$37,958,760",Tyrese Maxey,37958760
38,"LaMelo Ball, G",Charlotte Hornets,"$37,958,760",LaMelo Ball,37958760
39,"De'Aaron Fox, G",San Antonio Spurs,"$37,096,620",De'Aaron Fox,37096620
40,"Bam Adebayo, C",Miami Heat,"$37,096,620",Bam Adebayo,37096620
41,"Desmond Bane, G",Orlando Magic,"$36,725,670",Desmond Bane,36725670
42,"Kyrie Irving, G",Dallas Mavericks,"$36,566,002",Kyrie Irving,36566002
43,"Jaren Jackson Jr., F",Utah Jazz,"$35,000,000",Jaren Jackson Jr.,35000000
44,"Jalen Suggs, G",Orlando Magic,"$35,000,000",Jalen Suggs,35000000
45,"Rudy Gobert, C",Minnesota Timberwolves,"$35,000,000",Rudy Gobert,35000000
46,"Jalen Brunson, G",New York Knicks,"$34,944,001",Jalen Brunson,34944001
47,"Alperen Sengun, C",Houston Rockets,"$33,944,954",Alperen Sengun,33944954
48,"Khris Middleton, F",Dallas Mavericks,"$33,926,296",Khris Middleton,33926296
49,"Jalen Green, G",Phoenix Suns,"$33,548,499",Jalen Green,33548499
50,"Immanuel Quickley, G",Toronto Raptors,"$32,500,000",Immanuel Quickley,32500000
51,"Jrue Holiday, G",Portland Trail Blazers,"$32,400,000",Jrue Holiday,32400000
52,"Jerami Grant, F",Portland Trail Blazers,"$32,000,000",Jerami Grant,32000000
53,"Jordan Poole, G",New Orleans Pelicans,"$31,848,215",Jordan Poole,31848215
54,"Tyler Herro, G",Miami Heat,"$31,000,000",Tyler Herro,31000000
55,"Julius Randle, F",Minnesota Timberwolves,"$30,864,198",Julius Randle,30864198
56,"Dejounte Murray, G",New Orleans Pelicans,"$30,801,103",Dejounte Murray,30801103
57,"Kristaps Porzingis, C",Golden State Warriors,"$30,731,707",Kristaps Porzingis,30731707
58,"CJ McCollum, G",Atlanta Hawks,"$30,666,666",CJ McCollum,30666666
59,"Jalen Johnson, F",Atlanta Hawks,"$30,000,000",Jalen Johnson,30000000
60,"Isaiah Hartenstein, C",Oklahoma City Thunder,"$28,500,000",Isaiah Hartenstein,28500000
61,"Andrew Wiggins, F",Miami Heat,"$28,223,214",Andrew Wiggins,28223214
62,"Derrick White, G",Boston Celtics,"$28,100,001",Derrick White,28100001
63,"RJ Barrett, F",Toronto Raptors,"$27,705,357",RJ Barrett,27705357
64,"Anfernee Simons, G",Chicago Bulls,"$27,678,571",Anfernee Simons,27678571
65,"Devin Vassell, G",San Antonio Spurs,"$27,000,000",Devin Vassell,27000000
66,"Terry Rozier, G",Miami Heat,"$26,643,031",Terry Rozier,26643031
67,"Tobias Harris, F",Detroit Pistons,"$26,634,146",Tobias Harris,26634146
68,"John Collins, F",LA Clippers,"$26,580,000",John Collins,26580000
69,"Draymond Green, F",Golden State Warriors,"$25,892,857",Draymond Green,25892857
70,"Nic Claxton, C",Brooklyn Nets,"$25,352,272",Nic Claxton,25352272
71,"Myles Turner, C",Milwaukee Bucks,"$25,318,251",Myles Turner,25318251
72,"Miles Bridges, F",Charlotte Hornets,"$25,000,000",Miles Bridges,25000000
73,"Fred VanVleet, G",Houston Rockets,"$25,000,000",Fred VanVleet,25000000
74,"Josh Giddey, G",Chicago Bulls,"$25,000,000",Josh Giddey,25000000
75,"Trey Murphy III, F",New Orleans Pelicans,"$25,000,000",Trey Murphy III,25000000
76,"Mikal Bridges, G",New York Knicks,"$24,900,000",Mikal Bridges,24900000
77,"Jaden McDaniels, F",Minnesota Timberwolves,"$24,858,622",Jaden McDaniels,24858622
78,"DeMar DeRozan, G",Sacramento Kings,"$24,570,000",DeMar DeRozan,24570000
79,"De'Andre Hunter, F",Sacramento Kings,"$23,303,571",De'Andre Hunter,23303571
80,"Aaron Gordon, F",Denver Nuggets,"$22,841,455",Aaron Gordon,22841455
81,"Jonathan Kuminga, F",Atlanta Hawks,"$22,500,000",Jonathan Kuminga,22500000
82,"Dillon Brooks, F",Phoenix Suns,"$22,124,110",Dillon Brooks,22124110
83,"Kyle Kuzma, F",Milwaukee Bucks,"$21,810,605",Kyle Kuzma,21810605
84,"Kentavious Caldwell-Pope, G",Memphis Grizzlies,"$21,621,500",Kentavious Caldwell-Pope,21621500
85,"Naz Reid, C",Minnesota Timberwolves,"$21,551,724",Naz Reid,21551724
86,"Nikola Vucevic, C",Boston Celtics,"$21,481,481",Nikola Vucevic,21481481
87,"Cameron Johnson, F",Denver Nuggets,"$21,057,065",Cameron Johnson,21057065
88,"Norman Powell, G",Miami Heat,"$20,482,758",Norman Powell,20482758
89,"Jarrett Allen, C",Cleveland Cavaliers,"$20,000,000",Jarrett Allen,20000000
90,"Jakob Poeltl, C",Toronto Raptors,"$19,500,000",Jakob Poeltl,19500000
91,"Josh Hart, G",New York Knicks,"$19,472,240",Josh Hart,19472240
92,"Jusuf Nurkic, C",Utah Jazz,"$19,375,000",Jusuf Nurkic,19375000
93,"Collin Sexton, G",Chicago Bulls,"$19,170,000",Collin Sexton,19170000
94,"Harrison Barnes, F",San Antonio Spurs,"$19,000,000",Harrison Barnes,19000000
95,"Malik Monk, G",Sacramento Kings,"$18,797,618",Malik Monk,18797618
96,"Santi Aldama, F",Memphis Grizzlies,"$18,485,916",Santi Aldama,18485916
97,"Rui Hachimura, F",Los Angeles Lakers,"$18,259,259",Rui Hachimura,18259259
98,"Luguentz Dort, G",Oklahoma City Thunder,"$18,222,222",Luguentz Dort,18222222
99,"Alex Caruso, G",Oklahoma City Thunder,"$18,102,000",Alex Caruso,18102000
100,"Andrew Nembhard, G",Indiana Pacers,"$18,102,000",Andrew Nembhard,18102000
101,"Ivica Zubac, C",Indiana Pacers,"$18,102,000",Ivica Zubac,18102000
102,"Zach Collins, F",Chicago Bulls,"$18,080,496",Zach Collins,18080496
103,"Patrick Williams, F",Chicago Bulls,"$18,000,000",Patrick Williams,18000000
104,"Kevin Huerter, G",Detroit Pistons,"$17,991,071",Kevin Huerter,17991071
105,"Keldon Johnson, F",San Antonio Spurs,"$17,500,000",Keldon Johnson,17500000
106,"Grayson Allen, G",Phoenix Suns,"$16,875,000",Grayson Allen,16875000
107,"Duncan Robinson, F",Detroit Pistons,"$16,834,692",Duncan Robinson,16834692
108,"Klay Thompson, G",Dallas Mavericks,"$16,666,667",Klay Thompson,16666667
109,"Bogdan Bogdanovic, G",LA Clippers,"$16,020,000",Bogdan Bogdanovic,16020000
110,"Max Strus, G",Cleveland Cavaliers,"$15,936,452",Max Strus,15936452
111,"Terance Mann, G",Brooklyn Nets,"$15,500,000",Terance Mann,15500000
112,"Paolo Banchero, F",Orlando Magic,"$15,334,769",Paolo Banchero,15334769
113,"Nickeil Alexander-Walker, G",Atlanta Hawks,"$15,161,800",Nickeil Alexander-Walker,15161800
114,"Isaiah Stewart, F",Detroit Pistons,"$15,000,000",Isaiah Stewart,15000000
115,"Jonathan Isaac, F",Orlando Magic,"$15,000,000",Jonathan Isaac,15000000
116,"Onyeka Okongwu, F",Atlanta Hawks,"$15,000,000",Onyeka Okongwu,15000000
117,"Cooper Flagg, F",Dallas Mavericks,"$14,386,320",Cooper Flagg,14386320
118,"Daniel Gafford, F",Dallas Mavericks,"$14,386,320",Daniel Gafford,14386320
119,"Deni Avdija, F",Portland Trail Blazers,"$14,375,000",Deni Avdija,14375000
120,"P.J. Washington, F",Dallas Mavericks,"$14,152,174",P.J. Washington,14152174
121,"Steven Adams, C",Houston Rockets,"$14,130,434",Steven Adams,14130434
122,"Damian Lillard, G",Portland Trail Blazers,"$14,104,000",Damian Lillard,14104000
123,"Caris LeVert, G",Detroit Pistons,"$14,104,000",Caris LeVert,14104000
124,"Dennis Schroder, G",Cleveland Cavaliers,"$14,104,000",Dennis Schroder,14104000
125,"Obi Toppin, F",Indiana Pacers,"$14,000,000",Obi Toppin,14000000
126,"Corey Kispert, F",Atlanta Hawks,"$13,975,000",Corey Kispert,13975000
127,"Austin Reaves, G",Los Angeles Lakers,"$13,937,574",Austin Reaves,13937574
128,"Herbert Jones, F",New Orleans Pelicans,"$13,937,574",Herbert Jones,13937574
129,"Chet Holmgren, C",Oklahoma City Thunder,"$13,731,368",Chet Holmgren,13731368
130,"Josh Green, G",Charlotte Hornets,"$13,666,667",Josh Green,13666667
131,"Grant Williams, F",Charlotte Hornets,"$13,645,500",Grant Williams,13645500
132,"Bobby Portis, F",Milwaukee Bucks,"$13,580,247",Bobby Portis,13580247
133,"Kelly Olynyk, F",San Antonio Spurs,"$13,445,122",Kelly Olynyk,13445122
134,"Victor Wembanyama, F",San Antonio Spurs,"$13,376,880",Victor Wembanyama,13376880
135,"Robert Williams III, C",Portland Trail Blazers,"$13,285,713",Robert Williams III,13285713
136,"Richaun Holmes, F",Washington Wizards,"$13,280,737",Richaun Holmes,13280737
137,"Zaccharie Risacher, F",Atlanta Hawks,"$13,197,720",Zaccharie Risacher,13197720
138,"Mitchell Robinson, C",New York Knicks,"$12,954,546",Mitchell Robinson,12954546
139,"Coby White, G",Charlotte Hornets,"$12,888,889",Coby White,12888889
140,"Dorian Finney-Smith, F",Houston Rockets,"$12,700,000",Dorian Finney-Smith,12700000
141,"Brandon Clarke, F",Memphis Grizzlies,"$12,500,000",Brandon Clarke,12500000
142,"Dylan Harper, G",San Antonio Spurs,"$12,370,320",Dylan Harper,12370320
143,"Isaiah Joe, G",Oklahoma City Thunder,"$12,362,338",Isaiah Joe,12362338
144,"Jabari Smith Jr., F",Houston Rockets,"$12,350,392",Jabari Smith Jr.,12350392
145,"Donte DiVincenzo, G",Minnesota Timberwolves,"$11,990,000",Donte DiVincenzo,11990000
146,"Brandon Miller, F",Charlotte Hornets,"$11,968,800",Brandon Miller,11968800
147,"Alex Sarr, C",Washington Wizards,"$11,808,240",Alex Sarr,11808240
148,"Davion Mitchell, G",Miami Heat,"$11,600,000",Davion Mitchell,11600000
149,"Moses Moody, G",Golden State Warriors,"$11,574,074",Moses Moody,11574074
150,"Jarred Vanderbilt, F",Los Angeles Lakers,"$11,571,429",Jarred Vanderbilt,11571429
151,"Matisse Thybulle, G",Portland Trail Blazers,"$11,550,000",Matisse Thybulle,11550000
152,"Gabe Vincent, G",Atlanta Hawks,"$11,500,000",Gabe Vincent,11500000
153,"Keegan Murray, F",Sacramento Kings,"$11,144,093",Keegan Murray,11144093
154,"VJ Edgecombe, G",Philadelphia 76ers,"$11,108,880",VJ Edgecombe,11108880
155,"Luke Kornet, C",San Antonio Spurs,"$11,000,000",Luke Kornet,11000000
156,"Luke Kennard, G",Los Angeles Lakers,"$11,000,000",Luke Kennard,11000000
157,"Maxi Kleber, F",Los Angeles Lakers,"$11,000,000",Maxi Kleber,11000000
158,"Aaron Nesmith, G",Indiana Pacers,"$11,000,000",Aaron Nesmith,11000000
159,"Isaac Okoro, F",Chicago Bulls,"$11,000,000",Isaac Okoro,11000000
160,"Wendell Carter Jr., C",Orlando Magic,"$10,850,000",Wendell Carter Jr.,10850000
161,"Scoot Henderson, G",Portland Trail Blazers,"$10,748,040",Scoot Henderson,10748040
162,"Reed Sheppard, G",Houston Rockets,"$10,603,560",Reed Sheppard,10603560
163,"Jonas Valanciunas, C",Denver Nuggets,"$10,395,000",Jonas Valanciunas,10395000
164,"T.J. McConnell, G",Indiana Pacers,"$10,200,000",T.J. McConnell,10200000
165,"Royce O'Neale, F",Phoenix Suns,"$10,125,000",Royce O'Neale,10125000
166,"Jaden Ivey, G",Chicago Bulls,"$10,107,163",Jaden Ivey,10107163
167,"Aaron Wiggins, G",Oklahoma City Thunder,"$10,102,802",Aaron Wiggins,10102802
168,"Sam Hauser, F",Boston Celtics,"$10,044,643",Sam Hauser,10044643
169,"Kon Knueppel, G",Charlotte Hornets,"$10,015,680",Kon Knueppel,10015680
170,"Lonzo Ball, G",Cleveland Cavaliers,"$10,000,000",Lonzo Ball,10000000
171,"Derrick Jones Jr., F",LA Clippers,"$10,000,000",Derrick Jones Jr.,10000000
172,"Amen Thompson, G",Houston Rockets,"$9,690,600",Amen Thompson,9690600
173,"Caleb Martin, F",Dallas Mavericks,"$9,594,044",Caleb Martin,9594044
174,"Stephon Castle, G",San Antonio Spurs,"$9,560,520",Stephon Castle,9560520
175,"Buddy Hield, G",Atlanta Hawks,"$9,219,512",Buddy Hield,9219512
176,"Bennedict Mathurin, G",LA Clippers,"$9,187,573",Bennedict Mathurin,9187573
177,"Ace Bailey, G",Utah Jazz,"$9,069,840",Ace Bailey,9069840
178,"Naji Marshall, F",Dallas Mavericks,"$9,000,000",Naji Marshall,9000000
179,"Jalen Smith, F",Chicago Bulls,"$9,000,000",Jalen Smith,9000000
180,"Ty Jerome, G",Memphis Grizzlies,"$8,781,000",Ty Jerome,8781000
181,"Ausar Thompson, G",Detroit Pistons,"$8,775,000",Ausar Thompson,8775000
182,"Brook Lopez, C",LA Clippers,"$8,750,000",Brook Lopez,8750000
183,"Quentin Grimes, G",Philadelphia 76ers,"$8,741,209",Quentin Grimes,8741209
184,"Cody Martin, SF",Indiana Pacers,"$8,680,000",Cody Martin,8680000
185,"Ronald Holland II, F",Detroit Pistons,"$8,657,280",Ronald Holland II,8657280
186,"Sam Merrill, G",Cleveland Cavaliers,"$8,482,143",Sam Merrill,8482143
187,"Jaylin Williams, F",Oklahoma City Thunder,"$8,450,794",Jaylin Williams,8450794
188,"Shaedon Sharpe, G",Portland Trail Blazers,"$8,399,983",Shaedon Sharpe,8399983
189,"Kelly Oubre Jr., G",Philadelphia 76ers,"$8,382,150",Kelly Oubre Jr.,8382150
190,"Goga Bitadze, C",Orlando Magic,"$8,333,333",Goga Bitadze,8333333
191,"Simone Fontecchio, F",Miami Heat,"$8,307,692",Simone Fontecchio,8307692
192,"Tre Johnson, G",Washington Wizards,"$8,237,640",Tre Johnson,8237640
193,"Georges Niang, F",Memphis Grizzlies,"$8,200,000",Georges Niang,8200000
194,"Zeke Nnaji, F",Denver Nuggets,"$8,177,778",Zeke Nnaji,8177778
195,"Deandre Ayton, C",Los Angeles Lakers,"$8,104,000",Deandre Ayton,8104000
196,"KJ Martin, F",Utah Jazz,"$8,025,000",KJ Martin,8025000
197,"Tre Mann, G",Charlotte Hornets,"$8,000,000",Tre Mann,8000000
198,"Tre Jones, G",Chicago Bulls,"$8,000,000",Tre Jones,8000000
199,"Kevon Looney, F",New Orleans Pelicans,"$8,000,000",Kevon Looney,8000000
200,"Anthony Black, G",Orlando Magic,"$7,970,280",Anthony Black,7970280
201,"Tidjane Salaun, F",Charlotte Hornets,"$7,863,240",Tidjane Salaun,7863240
202,"Josh Okogie, G",Houston Rockets,"$7,750,000",Josh Okogie,7750000
203,"Max Christie, G",Dallas Mavericks,"$7,714,286",Max Christie,7714286
204,"Dyson Daniels, G",Atlanta Hawks,"$7,707,709",Dyson Daniels,7707709
205,"Jeremiah Fears, G",New Orleans Pelicans,"$7,520,040",Jeremiah Fears,7520040
206,"Ayo Dosunmu, G",Minnesota Timberwolves,"$7,518,519",Ayo Dosunmu,7518519
207,"Bilal Coulibaly, G",Washington Wizards,"$7,275,600",Bilal Coulibaly,7275600
208,"Payton Pritchard, G",Boston Celtics,"$7,232,143",Payton Pritchard,7232143
209,"Donovan Clingan, C",Portland Trail Blazers,"$7,178,400",Donovan Clingan,7178400
210,"Kenrich Williams, G",Oklahoma City Thunder,"$7,163,000",Kenrich Williams,7163000
211,"Isaiah Jackson, F",LA Clippers,"$7,000,000",Isaiah Jackson,7000000
212,"Egor Demin, G",Brooklyn Nets,"$6,889,200",Egor Demin,6889200
213,"Clint Capela, C",Houston Rockets,"$6,700,000",Clint Capela,6700000
214,"Ousmane Dieng, F",Milwaukee Bucks,"$6,670,882",Ousmane Dieng,6670882
215,"Jarace Walker, F",Indiana Pacers,"$6,665,520",Jarace Walker,6665520
216,"Dean Wade, F",Cleveland Cavaliers,"$6,623,456",Dean Wade,6623456
217,"Jalen Williams, G",Oklahoma City Thunder,"$6,580,997",Jalen Williams,6580997
218,"Rob Dillingham, G",Chicago Bulls,"$6,576,120",Rob Dillingham,6576120
219,"Jalen Duren, C",Detroit Pistons,"$6,483,144",Jalen Duren,6483144
220,"Ochai Agbaji, G",Brooklyn Nets,"$6,383,525",Ochai Agbaji,6383525
221,"Collin Murray-Boyles, F",Toronto Raptors,"$6,332,520",Collin Murray-Boyles,6332520
222,"Mark Williams, C",Phoenix Suns,"$6,276,531",Mark Williams,6276531
223,"Ziaire Williams, F",Brooklyn Nets,"$6,250,000",Ziaire Williams,6250000
224,"Day'Ron Sharpe, C",Brooklyn Nets,"$6,250,000",Day'Ron Sharpe,6250000
225,"John Konchar, G",Utah Jazz,"$6,165,000",John Konchar,6165000
226,"Taylor Hendricks, F",Memphis Grizzlies,"$6,127,080",Taylor Hendricks,6127080
227,"Saddiq Bey, G",New Orleans Pelicans,"$6,118,644",Saddiq Bey,6118644
228,"Zach Edey, C",Memphis Grizzlies,"$6,045,000",Zach Edey,6045000
229,"Khaman Maluach, C",Phoenix Suns,"$6,016,080",Khaman Maluach,6016080
230,"Jaden Hardy, G",Washington Wizards,"$6,000,000",Jaden Hardy,6000000
231,"Jake LaRavia, F",Los Angeles Lakers,"$6,000,000",Jake LaRavia,6000000
232,"Cason Wallace, G",Oklahoma City Thunder,"$5,820,240",Cason Wallace,5820240
233,"Cody Williams, F",Utah Jazz,"$5,742,480",Cody Williams,5742480
234,"Cedric Coward, F",Memphis Grizzlies,"$5,715,120",Cedric Coward,5715120
235,"D'Angelo Russell, G",Dallas Mavericks,"$5,685,000",D'Angelo Russell,5685000
236,"Al Horford, C",Golden State Warriors,"$5,685,000",Al Horford,5685000
237,"Tari Eason, F",Houston Rockets,"$5,675,766",Tari Eason,5675766
238,"Nicolas Batum, F",LA Clippers,"$5,601,600",Nicolas Batum,5601600
239,"Jett Howard, G",Orlando Magic,"$5,529,720",Jett Howard,5529720
240,"Guerschon Yabusele, F",Chicago Bulls,"$5,500,000",Guerschon Yabusele,5500000
241,"Matas Buzelis, F",Chicago Bulls,"$5,455,560",Matas Buzelis,5455560
242,"Noa Essengue, F",Chicago Bulls,"$5,429,520",Noa Essengue,5429520
243,"Kris Dunn, G",LA Clippers,"$5,426,000",Kris Dunn,5426000
244,"Dario Saric, F",Sacramento Kings,"$5,426,000",Dario Saric,5426000
245,"Bradley Beal, G",LA Clippers,"$5,354,000",Bradley Beal,5354000
246,"Paul Reed, F",Detroit Pistons,"$5,335,894",Paul Reed,5335894
247,"Dereck Lively II, C",Dallas Mavericks,"$5,253,360",Dereck Lively II,5253360
248,"Nikola Topic, G",Oklahoma City Thunder,"$5,182,920",Nikola Topic,5182920
249,"Derik Queen, C",New Orleans Pelicans,"$5,157,960",Derik Queen,5157960
250,"Kevin Porter Jr., G",Milwaukee Bucks,"$5,134,000",Kevin Porter Jr.,5134000
251,"Marcus Smart, G",Los Angeles Lakers,"$5,134,000",Marcus Smart,5134000
252,"Andre Drummond, C",Philadelphia 76ers,"$5,000,000",Andre Drummond,5000000
253,"Moritz Wagner, F",Orlando Magic,"$5,000,000",Moritz Wagner,5000000
254,"Nick Richards, C",Chicago Bulls,"$5,000,000",Nick Richards,5000000
255,"Gradey Dick, G",Toronto Raptors,"$4,990,560",Gradey Dick,4990560
256,"Malaki Branham, G",Washington Wizards,"$4,962,033",Malaki Branham,4962033
257,"Devin Carter, G",Sacramento Kings,"$4,923,720",Devin Carter,4923720
258,"Christian Braun, G",Denver Nuggets,"$4,921,797",Christian Braun,4921797
259,"Carter Bryant, F",San Antonio Spurs,"$4,900,320",Carter Bryant,4900320
260,"Walker Kessler, C",Utah Jazz,"$4,878,938",Walker Kessler,4878938
261,"Jordan Hawkins, G",New Orleans Pelicans,"$4,741,320",Jordan Hawkins,4741320
262,"Blake Wesley, G",Portland Trail Blazers,"$4,726,328",Blake Wesley,4726328
263,"Bub Carrington, G",Washington Wizards,"$4,677,600",Bub Carrington,4677600
264,"Thomas Sorber, C",Oklahoma City Thunder,"$4,655,040",Thomas Sorber,4655040
265,"Jose Alvarado, G",New York Knicks,"$4,500,000",Jose Alvarado,4500000
266,"Nikola Jovic, F",Miami Heat,"$4,445,417",Nikola Jovic,4445417
267,"Kel'el Ware, C",Miami Heat,"$4,443,360",Kel'el Ware,4443360
268,"Yang Hansen, C",Portland Trail Blazers,"$4,422,360",Yang Hansen,4422360
269,"Peyton Watson, G",Denver Nuggets,"$4,356,476",Peyton Watson,4356476
270,"Miles McBride, G",New York Knicks,"$4,333,333",Miles McBride,4333333
271,"Keyonte George, G",Utah Jazz,"$4,278,960",Keyonte George,4278960
272,"Jared McCain, G",Oklahoma City Thunder,"$4,221,360",Jared McCain,4221360
273,"Joan Beringer, F",Minnesota Timberwolves,"$4,201,080",Joan Beringer,4201080
274,"Kevin Love, F",Utah Jazz,"$4,150,000",Kevin Love,4150000
275,"Dalton Knecht, F",Los Angeles Lakers,"$4,010,160",Dalton Knecht,4010160
276,"Ryan Rollins, G",Milwaukee Bucks,"$4,000,000",Ryan Rollins,4000000
277,"Dwight Powell, F",Dallas Mavericks,"$4,000,000",Dwight Powell,4000000
278,"Walter Clayton Jr., G",Memphis Grizzlies,"$3,991,320",Walter Clayton Jr.,3991320
279,"Jaime Jaquez Jr., F",Miami Heat,"$3,861,600",Jaime Jaquez Jr.,3861600
280,"Nolan Traore, G",Brooklyn Nets,"$3,811,560",Nolan Traore,3811560
281,"Daniss Jenkins, G",Detroit Pistons,"$3,809,524",Daniss Jenkins,3809524
282,"Tristan da Silva, F",Orlando Magic,"$3,809,520",Tristan da Silva,3809520
283,"Gary Trent Jr., G",Milwaukee Bucks,"$3,697,105",Gary Trent Jr.,3697105
284,"Brandin Podziemski, G",Golden State Warriors,"$3,687,960",Brandin Podziemski,3687960
285,"Svi Mykhailiuk, G",Utah Jazz,"$3,675,000",Svi Mykhailiuk,3675000
286,"Kasparas Jakucionis, G",Miami Heat,"$3,658,800",Kasparas Jakucionis,3658800
287,"Ja'Kobe Walter, G",Toronto Raptors,"$3,638,160",Ja'Kobe Walter,3638160
288,"Gary Harris, G",Milwaukee Bucks,"$3,634,153",Gary Harris,3634153
289,"Cam Whitmore, F",Washington Wizards,"$3,539,760",Cam Whitmore,3539760
290,"Will Riley, G",Washington Wizards,"$3,512,520",Will Riley,3512520
291,"Jaylon Tyson, G",Cleveland Cavaliers,"$3,492,480",Jaylon Tyson,3492480
292,"Eric Gordon, G",Philadelphia 76ers,"$3,468,960",Eric Gordon,3468960
293,"Jaxson Hayes, C",Los Angeles Lakers,"$3,449,324",Jaxson Hayes,3449324
294,"Dominick Barlow, F",Philadelphia 76ers,"$3,415,000",Dominick Barlow,3415000
295,"Noah Clowney, F",Brooklyn Nets,"$3,398,640",Noah Clowney,3398640
296,"Drake Powell, G",Brooklyn Nets,"$3,372,240",Drake Powell,3372240
297,"Yves Missi, C",New Orleans Pelicans,"$3,353,040",Yves Missi,3353040
298,"Taurean Prince, F",Milwaukee Bucks,"$3,303,774",Taurean Prince,3303774
299,"Dariq Whitehead, F",Memphis Grizzlies,"$3,262,560",Dariq Whitehead,3262560
300,"Asa Newell, F",Atlanta Hawks,"$3,237,480",Asa Newell,3237480
301,"DaRon Holmes II, F",Denver Nuggets,"$3,218,760",DaRon Holmes II,3218760
302,"Kris Murray, F",Portland Trail Blazers,"$3,132,000",Kris Murray,3132000
303,"Nique Clifford, G",Sacramento Kings,"$3,108,120",Nique Clifford,3108120
304,"AJ Johnson, G",Dallas Mavericks,"$3,090,480",AJ Johnson,3090480
305,"De'Anthony Melton, G",Golden State Warriors,"$3,080,921",De'Anthony Melton,3080921
306,"Kyle Filipowski, F",Utah Jazz,"$3,000,000",Kyle Filipowski,3000000
307,"Ajay Mitchell, G",Oklahoma City Thunder,"$3,000,000",Ajay Mitchell,3000000
308,"Julian Champagnie, F",San Antonio Spurs,"$3,000,000",Julian Champagnie,3000000
309,"Shake Milton, SG",Los Angeles Lakers,"$3,000,000",Shake Milton,3000000
310,"Jase Richardson, G",Orlando Magic,"$2,983,320",Jase Richardson,2983320
311,"Kyshawn George, F",Washington Wizards,"$2,966,760",Kyshawn George,2966760
312,"Marcus Sasser, G",Detroit Pistons,"$2,886,720",Marcus Sasser,2886720
313,"Ben Saraf, G",Brooklyn Nets,"$2,884,560",Ben Saraf,2884560
314,"Tristan Vukcevic, F",Washington Wizards,"$2,857,143",Tristan Vukcevic,2857143
315,"Pacome Dadiet, F",New York Knicks,"$2,847,600",Pacome Dadiet,2847600
316,"Danny Wolf, F",Brooklyn Nets,"$2,801,280",Danny Wolf,2801280
317,"Ben Sheppard, G",Indiana Pacers,"$2,790,720",Ben Sheppard,2790720
318,"Hugo Gonzalez, G",Boston Celtics,"$2,783,880",Hugo Gonzalez,2783880
319,"Liam McNeeley, G",Charlotte Hornets,"$2,763,960",Liam McNeeley,2763960
320,"Dillon Jones, F",New York Knicks,"$2,753,280",Dillon Jones,2753280
321,"Yanic Konan Niederhauser, C",LA Clippers,"$2,743,800",Yanic Konan Niederhauser,2743800
322,"DaQuan Jeffries, G",Sacramento Kings,"$2,743,776",DaQuan Jeffries,2743776
323,"Brice Sensabaugh, F",Utah Jazz,"$2,693,760",Brice Sensabaugh,2693760
324,"Julian Strawther, G",Denver Nuggets,"$2,674,200",Julian Strawther,2674200
325,"Terrence Shannon Jr., G",Minnesota Timberwolves,"$2,674,080",Terrence Shannon Jr.,2674080
326,"James Wiseman, C",Indiana Pacers,"$2,667,947",James Wiseman,2667947
327,"Ryan Dunn, F",Phoenix Suns,"$2,657,760",Ryan Dunn,2657760
328,"Kobe Brown, G",Indiana Pacers,"$2,654,880",Kobe Brown,2654880
329,"Isaiah Collier, G",Utah Jazz,"$2,638,200",Isaiah Collier,2638200
330,"Baylor Scheierman, G",Boston Celtics,"$2,619,000",Baylor Scheierman,2619000
331,"Xavier Tillman, F",Charlotte Hornets,"$2,546,675",Xavier Tillman,2546675
332,"Anthony Gill, F",Washington Wizards,"$2,546,675",Anthony Gill,2546675
333,"Terence Davis, G",Sacramento Kings,"$2,546,675",Terence Davis,2546675
334,"Cam Spencer, G",Memphis Grizzlies,"$2,537,989",Cam Spencer,2537989
335,"Sandro Mamukelashvili, F",Toronto Raptors,"$2,461,463",Sandro Mamukelashvili,2461463
336,"Trendon Watford, F",Philadelphia 76ers,"$2,461,463",Trendon Watford,2461463
337,"Jericho Sims, C",Milwaukee Bucks,"$2,461,463",Jericho Sims,2461463
338,"Luka Garza, C",Boston Celtics,"$2,461,463",Luka Garza,2461463
339,"Josh Minott, F",Brooklyn Nets,"$2,378,870",Josh Minott,2378870
340,"Dru Smith, G",Miami Heat,"$2,378,870",Dru Smith,2378870
341,"Justin Champagnie, F",Washington Wizards,"$2,349,578",Justin Champagnie,2349578
342,"Vit Krejci, G",Portland Trail Blazers,"$2,349,578",Vit Krejci,2349578
343,"Jared Butler, G",Phoenix Suns,"$2,349,578",Jared Butler,2349578
344,"Jordan Goodwin, G",Phoenix Suns,"$2,349,578",Jordan Goodwin,2349578
345,"Keon Johnson, G",Brooklyn Nets,"$2,349,578",Keon Johnson,2349578
346,"Jay Huff, C",Indiana Pacers,"$2,349,578",Jay Huff,2349578
347,"Jaden Springer, G",New Orleans Pelicans,"$2,349,578",Jaden Springer,2349578
348,"Neemias Queta, C",Boston Celtics,"$2,349,578",Neemias Queta,2349578
349,"Vince Williams Jr., G",Utah Jazz,"$2,301,587",Vince Williams Jr.,2301587
350,"AJ Green, G",Milwaukee Bucks,"$2,301,587",AJ Green,2301587
351,"Keon Ellis, G",Cleveland Cavaliers,"$2,301,587",Keon Ellis,2301587
352,"Sion James, G",Charlotte Hornets,"$2,296,274",Sion James,2296274
353,"Ryan Kalkbrenner, C",Charlotte Hornets,"$2,296,274",Ryan Kalkbrenner,2296274
354,"Spencer Dinwiddie, PG",Charlotte Hornets,"$2,296,274",Spencer Dinwiddie,2296274
355,"Garrett Temple, G",Toronto Raptors,"$2,296,274",Garrett Temple,2296274
356,"Chris Paul, G",LA Clippers,"$2,296,274",Chris Paul,2296274
357,"Dante Exum, G",Washington Wizards,"$2,296,274",Dante Exum,2296274
358,"Chris Boucher, F",Boston Celtics,"$2,296,274",Chris Boucher,2296274
359,"Lindy Waters III, F",San Antonio Spurs,"$2,296,274",Lindy Waters III,2296274
360,"Jordan McLaughlin, G",San Antonio Spurs,"$2,296,274",Jordan McLaughlin,2296274
361,"Bismack Biyombo, C",San Antonio Spurs,"$2,296,274",Bismack Biyombo,2296274
362,"Drew Eubanks, F",Sacramento Kings,"$2,296,274",Drew Eubanks,2296274
363,"Doug McDermott, F",Sacramento Kings,"$2,296,274",Doug McDermott,2296274
364,"Russell Westbrook, G",Sacramento Kings,"$2,296,274",Russell Westbrook,2296274
365,"Cole Anthony, G",Milwaukee Bucks,"$2,296,274",Cole Anthony,2296274
366,"Collin Gillespie, G",Phoenix Suns,"$2,296,274",Collin Gillespie,2296274
367,"Amir Coffey, G",Phoenix Suns,"$2,296,274",Amir Coffey,2296274
368,"Kyle Lowry, G",Philadelphia 76ers,"$2,296,274",Kyle Lowry,2296274
369,"Landry Shamet, G",New York Knicks,"$2,296,274",Landry Shamet,2296274
370,"Jordan Clarkson, G",New York Knicks,"$2,296,274",Jordan Clarkson,2296274
371,"Bones Hyland, G",Minnesota Timberwolves,"$2,296,274",Bones Hyland,2296274
372,"Joe Ingles, F",Minnesota Timberwolves,"$2,296,274",Joe Ingles,2296274
373,"Thanasis Antetokounmpo, F",Milwaukee Bucks,"$2,296,274",Thanasis Antetokounmpo,2296274
374,"Nigel Hayes-Davis, F",Phoenix Suns,"$2,296,274",Nigel Hayes-Davis,2296274
375,"Jae'Sean Tate, F",Houston Rockets,"$2,296,274",Jae'Sean Tate,2296274
376,"Jeff Green, F",Houston Rockets,"$2,296,274",Jeff Green,2296274
377,"Gary Payton II, G",Golden State Warriors,"$2,296,274",Gary Payton II,2296274
378,"Javonte Green, G",Detroit Pistons,"$2,296,274",Javonte Green,2296274
379,"Bruce Brown, G",Denver Nuggets,"$2,296,274",Bruce Brown,2296274
380,"Tim Hardaway Jr., G",Denver Nuggets,"$2,296,274",Tim Hardaway Jr.,2296274
381,"Marvin Bagley III, F",Dallas Mavericks,"$2,296,274",Marvin Bagley III,2296274
382,"Thomas Bryant, C",Cleveland Cavaliers,"$2,296,274",Thomas Bryant,2296274
383,"Larry Nance Jr., F",Cleveland Cavaliers,"$2,296,274",Larry Nance Jr.,2296274
384,"Keaton Wallace, G",Atlanta Hawks,"$2,296,274",Keaton Wallace,2296274
385,"Jock Landale, C",Atlanta Hawks,"$2,296,274",Jock Landale,2296274
386,"Maxwell Lewis, F",Brooklyn Nets,"$2,271,677",Maxwell Lewis,2271677
387,"Moussa Diabate, F",Charlotte Hornets,"$2,270,735",Moussa Diabate,2270735
388,"Scotty Pippen Jr., G",Memphis Grizzlies,"$2,270,735",Scotty Pippen Jr.,2270735
389,"A.J. Lawson, G",Toronto Raptors,"$2,270,735",A.J. Lawson,2270735
390,"JD Davison, G",Houston Rockets,"$2,270,735",JD Davison,2270735
391,"Brandon Williams, G",Dallas Mavericks,"$2,270,735",Brandon Williams,2270735
392,"DeAndre Jordan, C",New Orleans Pelicans,"$2,269,880",DeAndre Jordan,2269880
393,"GG Jackson, F",Memphis Grizzlies,"$2,221,677",GG Jackson,2221677
394,"Trayce Jackson-Davis, F",Toronto Raptors,"$2,221,677",Trayce Jackson-Davis,2221677
395,"Toumani Camara, F",Portland Trail Blazers,"$2,221,677",Toumani Camara,2221677
396,"Ricky Council IV, G",Philadelphia 76ers,"$2,221,677",Ricky Council IV,2221677
397,"Jalen Wilson, F",Brooklyn Nets,"$2,221,677",Jalen Wilson,2221677
398,"Hunter Tyson, F",Denver Nuggets,"$2,221,677",Hunter Tyson,2221677
399,"Julian Phillips, F",Minnesota Timberwolves,"$2,221,677",Julian Phillips,2221677
400,"Andre Jackson Jr., G",Milwaukee Bucks,"$2,221,677",Andre Jackson Jr.,2221677
401,"Gui Santos, F",Golden State Warriors,"$2,221,677",Gui Santos,2221677
402,"Colby Jones, G",Detroit Pistons,"$2,221,677",Colby Jones,2221677
403,"Jalen Pickett, G",Denver Nuggets,"$2,221,677",Jalen Pickett,2221677
404,"Craig Porter Jr., G",Cleveland Cavaliers,"$2,221,677",Craig Porter Jr.,2221677
405,"Leonard Miller, F",Chicago Bulls,"$2,221,677",Leonard Miller,2221677
406,"Jordan Walsh, G",Boston Celtics,"$2,221,677",Jordan Walsh,2221677
407,"Mouhamed Gueye, F",Atlanta Hawks,"$2,221,677",Mouhamed Gueye,2221677
408,"Duop Reath, C",Portland Trail Blazers,"$2,221,677",Duop Reath,2221677
409,"Colin Castleton, C",Orlando Magic,"$2,191,897",Colin Castleton,2191897
410,"Tyler Kolek, G",New York Knicks,"$2,191,897",Tyler Kolek,2191897
411,"Jaylen Clark, G",Minnesota Timberwolves,"$2,191,897",Jaylen Clark,2191897
412,"Precious Achiuwa, PF",Sacramento Kings,"$2,111,516",Precious Achiuwa,2111516
413,"Justin Edwards, F",Philadelphia 76ers,"$2,048,494",Justin Edwards,2048494
414,"N'Faly Dante, C",Atlanta Hawks,"$2,048,494",N'Faly Dante,2048494
415,"Antonio Reeves, G",Charlotte Hornets,"$1,955,377",Antonio Reeves,1955377
416,"Jaylen Wells, F",Memphis Grizzlies,"$1,955,377",Jaylen Wells,1955377
417,"Jonathan Mogbo, F",Toronto Raptors,"$1,955,377",Jonathan Mogbo,1955377
418,"Jamal Shead, G",Toronto Raptors,"$1,955,377",Jamal Shead,1955377
419,"Jamison Battle, F",Toronto Raptors,"$1,955,377",Jamison Battle,1955377
420,"Oso Ighodaro, F",Phoenix Suns,"$1,955,377",Oso Ighodaro,1955377
421,"Adem Bona, C",Philadelphia 76ers,"$1,955,377",Adem Bona,1955377
422,"Ariel Hukporti, C",New York Knicks,"$1,955,377",Ariel Hukporti,1955377
423,"Pelle Larsson, G",Miami Heat,"$1,955,377",Pelle Larsson,1955377
424,"Keshad Johnson, F",Miami Heat,"$1,955,377",Keshad Johnson,1955377
425,"Bronny James, G",Los Angeles Lakers,"$1,955,377",Bronny James,1955377
426,"Drew Timme, F",Los Angeles Lakers,"$1,955,377",Drew Timme,1955377
427,"Cam Christie, G",LA Clippers,"$1,955,377",Cam Christie,1955377
428,"Johnny Furphy, G",Indiana Pacers,"$1,955,377",Johnny Furphy,1955377
429,"Isaac Jones, C",Detroit Pistons,"$1,955,377",Isaac Jones,1955377
430,"Bobi Klintman, F",Detroit Pistons,"$1,955,377",Bobi Klintman,1955377
431,"Tyler Smith, F",Dallas Mavericks,"$1,955,377",Tyler Smith,1955377
432,"Karlo Matkovic, F",New Orleans Pelicans,"$1,955,377",Karlo Matkovic,1955377
433,"Quinten Post, C",Golden State Warriors,"$1,935,377",Quinten Post,1935377
434,"Seth Curry, G",Golden State Warriors,"$1,755,198",Seth Curry,1755198
435,"Micah Potter, C",Indiana Pacers,"$1,527,805",Micah Potter,1527805
436,"Chaz Lanier, G",Detroit Pistons,"$1,372,870",Chaz Lanier,1372870
437,"Pat Connaughton, G",Charlotte Hornets,"$1,315,814",Pat Connaughton,1315814
438,"Micah Peavy, G",New Orleans Pelicans,"$1,272,970",Micah Peavy,1272970
439,"Maxime Raynaud, C",Sacramento Kings,"$1,272,870",Maxime Raynaud,1272870
440,"Rasheer Fleming, F",Phoenix Suns,"$1,272,870",Rasheer Fleming,1272870
441,"Johni Broome, F",Philadelphia 76ers,"$1,272,870",Johni Broome,1272870
442,"Noah Penda, F",Orlando Magic,"$1,272,870",Noah Penda,1272870
443,"Mohamed Diawara, F",New York Knicks,"$1,272,870",Mohamed Diawara,1272870
444,"Adou Thiero, F",Los Angeles Lakers,"$1,272,870",Adou Thiero,1272870
445,"Will Richard, G",Golden State Warriors,"$1,272,870",Will Richard,1272870
446,"Tyrese Proctor, G",Cleveland Cavaliers,"$1,272,870",Tyrese Proctor,1272870
447,"Kam Jones, G",Indiana Pacers,"$1,272,870",Kam Jones,1272870
448,"Nikola Durisic, F",Atlanta Hawks,"$1,272,870",Nikola Durisic,1272870
449,"Jamir Watkins, G",Washington Wizards,"$1,131,970",Jamir Watkins,1131970
450,"Taj Gibson, F",Memphis Grizzlies,"$960,753",Taj Gibson,960753
451,"Dylan Cardwell, C",Sacramento Kings,"$871,000",Dylan Cardwell,871000
452,"Jevon Carter, G",Orlando Magic,"$871,000",Jevon Carter,871000
453,"Pat Spencer, G",Golden State Warriors,"$857,804",Pat Spencer,857804
454,"Cam Thomas, G",Milwaukee Bucks,"$844,607",Cam Thomas,844607
455,"Kobe Bufkin, G",Los Angeles Lakers,"$831,410",Kobe Bufkin,831410
456,"Haywood Highsmith, F",Phoenix Suns,"$827,984",Haywood Highsmith,827984
457,"Jeremy Sochan, F",New York Knicks,"$778,622",Jeremy Sochan,778622
458,"Mike Conley, G",Minnesota Timberwolves,"$725,834",Mike Conley,725834
459,"Jabari Walker, F",Philadelphia 76ers,"$724,598",Jabari Walker,724598
460,"Bryce McGowens, G",New Orleans Pelicans,"$724,598",Bryce McGowens,724598
461,"Nae'Qwan Tomlin, F",Cleveland Cavaliers,"$718,150",Nae'Qwan Tomlin,718150
462,"Cameron Payne, PG",Philadelphia 76ers,"$712,637",Cameron Payne,712637
463,"Jordan Miller, G",LA Clippers,"$712,637",Jordan Miller,712637
464,"Caleb Houstan, G",Atlanta Hawks,"$699,440",Caleb Houstan,699440
465,"Sidy Cissoko, G",Portland Trail Blazers,"$688,243",Sidy Cissoko,688243
466,"Spencer Jones, F",Denver Nuggets,"$623,967",Spencer Jones,623967
467,"Quenton Jackson, G",Indiana Pacers,"$601,553",Quenton Jackson,601553
468,"Mason Plumlee, C",San Antonio Spurs,"$593,864",Mason Plumlee,593864
469,"Jamaree Bouyea, G",Phoenix Suns,"$574,210",Jamaree Bouyea,574210
470,"Kyle Anderson, F",Minnesota Timberwolves,"$567,470",Kyle Anderson,567470
471,"Olivier-Maxence Prosper, F",Memphis Grizzlies,"$527,879",Olivier-Maxence Prosper,527879
472,"Tyus Jones, G",Denver Nuggets,"$514,682",Tyus Jones,514682
473,"Amari Williams, F",Boston Celtics,"$490,128",Amari Williams,490128
474,"Myron Gardner, F",Miami Heat,"$395,029",Myron Gardner,395029
475,"Ryan Nembhard, G",Dallas Mavericks,"$321,875",Ryan Nembhard,321875
